start_time,MSC,2G subscriber IMSI Attached  Rate,3G subscriber IMSI Attached  Rate,Number of 2G Emergency Users,Number of 2G IMSI Attached Subscribers in VLR,Number of 2G Subscribers in VLR,Number of 3G Emergency Users,Number of 3G IMSI Attached Subscribers in VLR,Number of 3G Subscribers in VLR,Number of ALS Subscribers in VLR,Number of AoCC Subscribers in VLR,Number of AoCI Subscribers in VLR,Number of A Subscribers in CCBS,Number of BAOC Subscribers in VLR,Number of BOIC Subscribers in VLR,Number of BOIC_EXHC Subscribers in VLR,Number of B Subscribers in CCBS,Number of CFB Subscribers in VLR,Number of CFNRc Subscribers in VLR,Number of CFNRy Subscribers in VLR,Number of CFU Subscribers in VLR,Number of CLIP Subscribers in VLR,Number of CLIR Subscribers in VLR,Number of CNAP Subscribers in VLR,Number of Common Users,Number of COLP Subscribers in VLR,Number of COLR Subscribers in VLR,Number of CT Subscribers in VLR,Number of CUG Subscribers in VLR,Number of CW Subscribers in VLR,Number of Data Service Subscribers in VLR,Number of D_CSI Subscribers in VLR,Number of Emergency Users,Number of GPRS Subscribers in VLR,Number of Hot Billing Subscribers in VLR,Number of HOLD Subscribers in VLR,Number of IMSI Attached International Roaming 2G Subscribers in VLR,Number of IMSI Attached International Roaming 3G Subscribers in VLR,Number of IMSI Attached International Roaming Subscribers in VLR,Number of IMSI Attached National Roaming 2G Subscribers in VLR,Number of IMSI Attached National Roaming 3G Subscribers in VLR,Number of IMSI Attached National Roaming Subscribers in VLR,Number of IMSI Attached SIM Subscribers in VLR,Number of IMSI Attached Subscribers in VLR,Number of IMSI Attached USIM Subscribers in VLR,Number of IMSI Detached Subscribers in VLR,Number of IM-SSF Subscribers Stored Separately in VLR,Number of International Roaming 2G Subscribers in VLR,Number of International Roaming 3G Subscribers in VLR,Number of International Roaming Subscribers in VLR,Number of Inter-MSC Location Update Subscribers Assigned Local NRIs in VLR,Number of IN Subscribers in VLR,Number of LCS Subscribers in VLR,Number of Local IN Subscribers in VLR,Number of Local Subscribers in VLR,Number of MO_SMS_CSI Subscribers in VLR,Number of MPTY Subscribers in VLR,Number of MT_SMS_CSI Subscribers in VLR,Number of M_CSI Subscribers in VLR,Number of non-SGs Associated CSFB Subscribers,Number of National Roaming 2G Subscribers in VLR,Number of National Roaming 3G Subscribers in VLR,Number of National Roaming Subscribers in VLR,Number of Number Range-triggered PPS Subscribers in VLR,Number of ODB ECT Barred Subscribers (ECT Initiator Charged for at Least One Call),Number of ODB ECT Barred Subscribers (ECT Initiator Charged for Both Calls),Number of ODB ECT Barred Subscribers (Initiator Charged for at Least One Call at International Rate),Number of ODB ECT Barred Subscribers (Initiator Charged for at Least One Call at Inter-Zonal Rate),Number of ODB Subscribers in VLR,Number of ODB Subscribers Not Allowed to Originate Multiple ECT Services,Number of ODB_BAOC Subscribers in VLR,Number of ODB_BOICEXHC Subscribers in VLR,Number of ODB_BOIC Subscribers in VLR,Number of OTHER_PLMN Subscribers in VLR,Number of OWN_PLMN Subscribers in VLR,Number of O_CSI Subscribers in VLR,Number of Pooled CS Subscribers,Number of POOL Subscribers in VLR,Number of Roaming IN Subscribers in VLR,Number of Roaming Subscribers in VLR,Number of SGs Associated CSFB Proxy Subscribers,Number of SGs Subscribers in VLR,Number of SIM Subscribers in VLR,Number of SIP Subscribers in VLR,Number of SS_CSI Subscribers in VLR,Number of Subscribers with All ODB ECT Services Barred,Number of Subscribers with All Outgoing Calls Barred When Roaming Outside the HPLMN Country,Number of Super-Charger Subscribers,Number of Super-Charger Subscribers Moved to Purge for Long Time No Action,Number of Super-Charger Subscribers Not Act in Local Office by CancelLocation Notice,Number of Super-Charger Subscribers Not Act in Local Office by SendIdentification notice,Number of Unknown Subscribers in VLR,Number of USIM Subscribers in VLR,Number of VP Dual-Number Subscribers in VLR,Number of VT_CSI Subscribers in VLR,Peak Number of VLR Subscribers,Total Number of IM-SSF Subscribers in VLR,Total Number of Subscribers in VLR,VLR Subscribers Restored for Anchor
202406190000,"MSOFTX/Local Zone:LABEL=0, STATICAREAX=0",81.353,77.609,0,5807,7138,0,522018,672622,0,0,3,0,633,300,424,4,622206,622349,622231,259,677890,676046,0,680147,183,114,84,7,172176,3991,0,0,0,0,676759,36,4188,4392,0,0,114,6149,528167,522018,151980,0,45,4914,5137,0,676447,254,674375,674896,0,629278,0,0,35552,0,0,114,0,0,0,0,0,21231,0,368,30,20606,5137,675010,676447,507356,669062,2072,5251,0,136895,7525,0,0,0,0,0,0,0,0,387,672622,0,0,680425,0,680147,0,false
202406190000,"NEW_MSC1/Local Zone:LABEL=0, STATICAREAX=0",84.517,78.879,0,4547,5380,0,531204,673440,0,0,0,0,456,131,628,1,813990,814039,814017,37,845289,844811,0,845928,101,748,37,1,287165,2858,0,0,0,0,844408,19,1252,2693,0,0,34,4715,673301,531204,172627,0,22,1601,3208,0,844684,159,842643,842686,0,832168,0,0,29831,0,0,34,0,0,0,0,0,5513,0,88,23,5191,3208,842720,844684,0,0,2041,3242,0,137084,5573,0,0,0,0,0,0,0,0,193,673440,0,0,846036,0,845928,0,false
202406190000,"NEW_MSC3/Local Zone:LABEL=0, STATICAREAX=0",84.462,76.726,0,2120,2510,0,443325,577800,0,0,4,0,451,8,129,13,550729,550757,550735,21,579844,579241,0,580558,26,79,28,1,174940,1592,0,0,0,0,579184,10,1601,1691,0,0,100,2348,445673,443325,134885,0,11,1921,2013,0,578982,168,578379,578445,0,566758,0,0,16844,0,0,100,0,0,0,0,0,4601,0,80,15,4429,2013,578545,578982,505236,577775,603,2113,0,58272,2758,0,0,0,0,0,0,0,0,248,577800,0,0,580636,0,580558,0,false
202406190000,"vMSC3/Local Zone:LABEL=0, STATICAREAX=0",86.312,76.946,0,1526,1768,0,276787,359716,0,0,0,0,258,1,60,7,344045,344060,344052,17,361156,360916,0,361621,13,21,11,0,109519,828,0,0,0,0,360765,2,773,827,0,0,43,1646,278433,276787,83188,0,5,975,1032,1,360746,93,360486,360546,0,353320,0,0,11780,0,0,43,0,0,0,0,0,2866,0,60,9,2749,1032,360589,360746,310481,359584,260,1075,0,39246,1905,0,0,0,0,0,0,0,0,137,359716,0,0,361862,0,361621,0,false
202406190000,"vMSC2/Local Zone:LABEL=0, STATICAREAX=0",82.398,77.852,0,1821,2210,0,234074,300666,0,0,0,0,344,126,225,2,279090,279187,279116,111,301825,300703,0,303049,85,37,57,6,76878,2239,0,0,0,0,301259,18,2270,2385,0,0,44,1976,236050,234074,66999,0,24,2684,2810,6,300953,165,299946,300195,0,278119,0,0,23133,0,0,44,0,0,0,0,0,10475,0,186,19,10146,2810,300239,300953,189954,296256,1007,2854,0,89754,2383,0,0,0,0,0,0,0,0,173,300666,0,0,303192,0,303049,0,false
202406190100,"MSOFTX/Local Zone:LABEL=0, STATICAREAX=0",81.128,77.211,0,5795,7143,0,519226,672475,0,0,3,0,632,297,420,4,622044,622183,622066,258,677785,675932,0,679996,183,114,82,7,172161,3977,0,0,0,0,676664,36,4156,4348,0,0,105,6111,525337,519226,154659,0,44,4901,5114,0,676344,251,674277,674777,0,629220,0,0,36534,0,0,105,0,0,0,0,0,21208,0,370,30,20584,5114,674882,676344,507368,668908,2067,5219,0,135771,7521,0,0,0,0,0,0,0,0,378,672475,0,0,680160,0,679996,0,false
202406190100,"NEW_MSC1/Local Zone:LABEL=0, STATICAREAX=0",84.392,78.495,0,4542,5382,0,528642,673472,0,0,1,0,458,130,628,1,813871,813920,813897,37,845146,844671,0,845785,102,747,37,1,287140,2851,0,0,0,0,844266,19,1317,2673,0,0,31,4702,669600,528642,176185,0,22,1672,3195,0,844548,158,842504,842559,0,832009,0,0,30778,0,0,31,0,0,0,0,0,5517,0,88,22,5197,3195,842590,844548,0,0,2044,3226,0,135967,5568,0,0,0,0,0,0,0,0,186,673472,0,0,845916,0,845785,0,false
202406190100,"NEW_MSC3/Local Zone:LABEL=0, STATICAREAX=0",84.25,76.339,0,2113,2508,0,440801,577424,0,0,4,0,454,9,130,13,550400,550426,550404,23,579459,578853,0,580163,24,78,27,1,174772,1593,0,0,0,0,578799,10,1599,1685,0,0,91,2323,443124,440801,137039,0,10,1915,2002,0,578589,172,577994,578070,0,566383,0,0,17134,0,0,91,0,0,0,0,0,4599,0,80,14,4429,2002,578161,578589,504781,577356,595,2093,0,58055,2739,0,0,0,0,0,0,0,0,231,577424,0,0,580544,0,580163,0,false
202406190100,"vMSC3/Local Zone:LABEL=0, STATICAREAX=0",85.755,76.562,0,1517,1769,0,275364,359662,0,0,0,0,254,0,59,7,343991,344005,343999,15,361109,360866,0,361558,13,21,10,0,109572,824,0,0,0,0,360719,2,767,818,0,0,39,1628,276992,275364,84566,0,5,974,1028,2,360705,88,360441,360491,0,353278,0,0,11980,0,0,39,0,0,0,0,0,2857,0,59,9,2742,1028,360530,360705,310428,359511,264,1067,0,39043,1896,0,0,0,0,0,0,0,0,127,359662,0,0,361756,0,361558,0,false
202406190100,"vMSC2/Local Zone:LABEL=0, STATICAREAX=0",82.417,77.37,0,1814,2201,0,232596,300630,0,0,0,0,342,128,228,2,279056,279158,279085,112,301796,300684,0,303010,80,36,56,6,76848,2235,0,0,0,0,301226,19,2238,2351,0,0,42,1965,234561,232596,68449,0,25,2673,2801,2,300935,166,299927,300167,0,278071,0,0,23788,0,0,42,0,0,0,0,0,10488,0,182,19,10164,2801,300209,300935,190102,296196,1008,2843,0,88922,2380,0,0,0,0,0,0,0,0,179,300630,0,0,303072,0,303010,0,false
202406190200,"MSOFTX/Local Zone:LABEL=0, STATICAREAX=0",81.128,76.989,0,5799,7148,0,517691,672425,0,0,3,0,630,299,416,4,622030,622175,622054,260,677755,675934,0,679923,179,115,82,7,172082,3967,0,0,0,0,676635,36,4098,4276,0,0,95,6087,523778,517691,156145,0,44,4852,5049,0,676342,255,674273,674779,0,629171,0,0,36850,0,0,95,0,0,0,0,0,21204,0,362,30,20594,5049,674874,676342,507439,668865,2069,5144,0,135325,7498,0,0,0,0,0,0,0,0,350,672425,0,0,680039,0,679923,0,false
202406190200,"NEW_MSC1/Local Zone:LABEL=0, STATICAREAX=0",84.511,78.341,0,4545,5378,0,527445,673270,0,0,1,0,458,130,627,1,813668,813717,813694,37,844905,844431,0,845530,102,747,37,1,287068,2847,0,0,0,0,844026,19,1325,2660,0,0,24,4688,668165,527445,177365,0,22,1681,3186,0,844307,158,842270,842320,0,831774,0,0,30960,0,0,24,0,0,0,0,0,5515,0,88,23,5196,3186,842344,844307,0,0,2037,3210,0,135749,5551,0,0,0,0,0,0,0,0,173,673270,0,0,845803,0,845530,0,false
202406190200,"NEW_MSC3/Local Zone:LABEL=0, STATICAREAX=0",84.024,76.08,0,2109,2510,0,439004,577029,0,0,4,0,453,9,129,13,550019,550050,550024,22,579091,578484,0,579751,22,79,26,1,174595,1595,0,0,0,0,578424,10,1581,1659,0,0,76,2292,441296,439004,138455,0,10,1909,1988,0,578218,174,577621,577687,0,566012,0,0,17214,0,0,76,0,0,0,0,0,4594,0,80,15,4424,1988,577763,578218,504529,576981,597,2064,0,57833,2722,0,0,0,0,0,0,0,0,212,577029,0,0,580208,0,579751,0,false
202406190200,"vMSC3/Local Zone:LABEL=0, STATICAREAX=0",84.938,76.357,0,1500,1766,0,274581,359603,0,0,0,0,253,0,57,7,343978,343989,343986,16,361042,360804,0,361498,14,21,11,0,109627,822,0,0,0,0,360656,2,762,813,0,0,33,1604,276185,274581,85313,0,5,967,1023,1,360641,89,360378,360442,0,353214,0,0,12010,0,0,33,0,0,0,0,0,2858,0,59,9,2744,1023,360475,360641,310415,359467,263,1056,0,38972,1895,0,0,0,0,0,0,0,0,129,359603,0,0,361600,0,361498,0,false
202406190200,"vMSC2/Local Zone:LABEL=0, STATICAREAX=0",82.468,77.239,0,1811,2196,0,232095,300488,0,0,0,0,339,126,230,2,278968,279061,278994,110,301659,300532,0,302841,83,34,57,6,76907,2235,0,0,0,0,301089,17,2229,2335,0,0,37,1948,234043,232095,68798,0,23,2666,2784,4,300785,162,299782,300020,0,277964,0,0,23900,0,0,37,0,0,0,0,0,10496,0,191,18,10158,2784,300057,300785,190030,296026,1003,2821,0,88726,2353,0,0,0,0,0,0,0,0,157,300488,0,0,303028,0,302841,0,false
202406190300,"MSOFTX/Local Zone:LABEL=0, STATICAREAX=0",81.26,77.265,0,5793,7129,0,519361,672180,0,0,3,0,630,300,427,4,621831,621975,621855,261,677507,675676,0,679635,178,114,83,8,172033,3959,0,0,0,0,676395,34,4070,4236,0,0,84,6056,525417,519361,154218,0,40,4834,5017,0,676095,250,674039,674534,0,628916,0,0,36219,0,0,84,0,0,0,0,0,21214,0,367,30,20600,5017,674618,676095,507019,668557,2056,5101,0,136108,7455,0,0,0,0,0,0,0,0,326,672180,0,0,679912,0,679635,0,false
202406190300,"NEW_MSC1/Local Zone:LABEL=0, STATICAREAX=0",84.872,78.622,0,4561,5374,0,529089,672957,0,0,1,0,458,130,626,1,813454,813504,813481,37,844658,844182,0,845275,103,746,38,1,286500,2843,0,0,0,0,843779,20,1322,2650,0,0,23,4694,670147,529089,175128,0,22,1673,3171,0,844060,157,842026,842081,0,831532,0,0,30686,0,0,23,0,0,0,0,0,5515,0,87,23,5197,3171,842104,844060,0,0,2034,3194,0,136092,5540,0,0,0,0,0,0,0,0,166,672957,0,0,845535,0,845275,0,false
202406190300,"NEW_MSC3/Local Zone:LABEL=0, STATICAREAX=0",84.112,76.416,0,2107,2505,0,440684,576691,0,0,4,0,448,9,127,13,549694,549723,549699,21,578742,578138,0,579394,22,79,28,0,174480,1582,0,0,0,0,578080,10,1563,1633,0,0,69,2273,442957,440684,136437,0,10,1895,1968,0,577875,170,577285,577357,0,565699,0,0,16225,0,0,69,0,0,0,0,0,4583,0,79,16,4415,1968,577426,577875,504159,576587,590,2037,0,58845,2703,0,0,0,0,0,0,0,0,198,576691,0,0,579829,0,579394,0,false
202406190300,"vMSC3/Local Zone:LABEL=0, STATICAREAX=0",85.214,76.66,0,1510,1772,0,275532,359420,0,0,0,0,260,0,59,7,343834,343846,343841,16,360866,360633,0,361311,14,21,11,0,109518,826,0,0,0,0,360474,2,767,816,0,0,31,1609,277141,275532,84170,0,5,973,1026,1,360460,93,360197,360254,0,353037,0,0,11392,0,0,31,0,0,0,0,0,2849,0,59,8,2735,1026,360285,360460,310180,359242,263,1057,0,39642,1891,0,0,0,0,0,0,0,0,119,359420,0,0,361476,0,361311,0,false
202406190300,"vMSC2/Local Zone:LABEL=0, STATICAREAX=0",82.895,77.544,0,1827,2204,0,232980,300450,0,0,0,0,339,125,219,2,279002,279098,279029,110,301667,300560,0,302807,81,34,52,6,76820,2209,0,0,0,0,301097,18,2193,2296,0,0,37,1960,234940,232980,67867,0,24,2625,2743,0,300810,167,299815,300027,0,277964,0,0,23467,0,0,37,0,0,0,0,0,10490,0,185,18,10164,2743,300064,300810,189913,295975,995,2780,0,89252,2357,0,0,0,0,0,0,0,0,153,300450,0,0,302897,0,302807,0,false
202406190400,"MSOFTX/Local Zone:LABEL=0, STATICAREAX=0",83.317,78.507,0,5943,7133,0,527450,671855,0,0,3,0,636,300,419,4,621545,621686,621570,262,677165,675340,0,679294,177,113,83,6,171952,3951,0,0,0,0,676036,34,4044,4205,0,0,75,6191,533641,527450,145653,0,40,4815,4996,0,675740,253,673701,674223,0,628571,0,0,34014,0,0,75,0,0,0,0,0,21214,0,371,30,20594,4996,674298,675740,506776,668213,2039,5071,0,138239,7439,0,0,0,0,0,0,0,0,306,671855,0,0,679658,0,679294,0,false
202406190400,"NEW_MSC1/Local Zone:LABEL=0, STATICAREAX=0",86.342,79.93,0,4640,5374,0,536479,672240,0,0,1,0,457,130,623,1,813190,813239,813217,37,844365,843892,0,844966,103,744,38,1,286474,2838,0,0,0,0,843484,20,1213,2637,0,0,22,4768,679440,536479,165526,0,22,1578,3163,0,843772,160,841732,841781,0,831241,0,0,29260,0,0,22,0,0,0,0,0,5517,0,85,25,5198,3163,841803,843772,0,0,2040,3185,0,137935,5531,0,0,0,0,0,0,0,0,157,672240,0,0,845258,0,844966,0,false
202406190400,"NEW_MSC3/Local Zone:LABEL=0, STATICAREAX=0",85.172,77.646,0,2131,2502,0,447523,576363,0,0,4,0,448,9,132,13,549435,549465,549439,22,578425,577817,0,579047,21,77,26,0,174404,1582,0,0,0,0,577768,10,1552,1614,0,0,61,2277,449800,447523,129247,0,10,1888,1952,0,577558,170,576970,577034,0,565390,0,0,15227,0,0,61,0,0,0,0,0,4581,0,80,16,4411,1952,577095,577558,503956,576228,588,2013,0,59718,2684,0,0,0,0,0,0,0,0,182,576363,0,0,579414,0,579047,0,false
202406190400,"vMSC3/Local Zone:LABEL=0, STATICAREAX=0",86.772,77.83,0,1535,1769,0,279569,359204,0,0,0,0,262,0,57,7,343634,343647,343644,15,360662,360428,0,361082,15,24,13,0,109451,832,0,0,0,0,360272,2,760,804,0,0,28,1623,281192,279569,79890,0,5,970,1019,4,360254,93,359983,360035,0,352827,0,0,10790,0,0,28,0,0,0,0,0,2854,0,58,9,2740,1019,360063,360254,310067,358976,271,1047,0,40137,1878,0,0,0,0,0,0,0,0,109,359204,0,0,361345,0,361082,0,false
202406190400,"vMSC2/Local Zone:LABEL=0, STATICAREAX=0",84.105,78.731,0,1852,2202,0,236480,300366,0,0,0,0,333,125,225,2,278976,279068,278999,109,301589,300485,0,302700,79,34,50,6,76850,2196,0,0,0,0,301033,18,2167,2259,0,0,32,1966,238446,236480,64254,0,24,2600,2705,1,300760,165,299757,299963,0,277902,0,0,22057,0,0,32,0,0,0,0,0,10482,0,179,18,10162,2705,299995,300760,189694,295851,1003,2737,0,90790,2334,0,0,0,0,0,0,0,0,132,300366,0,0,302828,0,302700,0,false
202406190500,"MSOFTX/Local Zone:LABEL=0, STATICAREAX=0",85.842,80.676,0,6124,7134,0,541555,671274,0,0,3,0,634,301,418,4,621182,621322,621206,261,676660,674850,0,678714,169,110,80,6,171900,3940,0,0,0,0,675533,37,3995,4156,0,0,68,6366,547921,541555,130793,0,41,4764,4941,0,675256,256,673227,673705,0,628074,0,0,29978,0,0,68,0,0,0,0,0,21238,0,363,30,20630,4941,673773,675256,505317,667613,2029,5009,0,143159,7440,0,0,0,0,0,0,0,0,306,671274,0,0,679272,0,678714,0,false
202406190500,"NEW_MSC1/Local Zone:LABEL=0, STATICAREAX=0",87.84,82.161,0,4717,5370,0,550600,670148,0,0,1,0,456,130,630,1,813008,813054,813033,37,844148,843679,0,844756,101,756,36,1,286434,2846,0,0,0,0,843276,20,1232,2636,0,0,22,4832,698675,550600,146081,0,22,1593,3162,0,843562,152,841519,841572,0,831041,0,0,26070,0,0,22,0,0,0,0,0,5511,0,85,23,5193,3162,841594,843562,0,0,2043,3184,0,143015,5523,0,0,0,0,0,0,0,0,153,670148,0,0,844979,0,844756,0,false
202406190500,"NEW_MSC3/Local Zone:LABEL=0, STATICAREAX=0",86.757,80.191,0,2175,2507,0,461975,576096,0,0,4,0,444,9,124,14,549202,549230,549207,21,578153,577551,0,578778,20,75,22,1,174424,1576,0,0,0,0,577502,10,1541,1602,0,0,54,2315,464290,461975,114488,0,10,1879,1942,0,577301,169,576710,576782,0,565120,0,0,13245,0,0,54,0,0,0,0,0,4586,0,79,15,4420,1942,576836,577301,503206,575931,591,1996,0,62187,2682,0,0,0,0,0,0,0,0,175,576096,0,0,579063,0,578778,0,false
202406190500,"vMSC3/Local Zone:LABEL=0, STATICAREAX=0",88.501,80.432,0,1570,1774,0,288691,358927,0,0,0,0,259,0,58,6,343400,343413,343407,16,360381,360151,0,360800,15,23,11,0,109332,829,0,0,0,0,359994,3,748,782,0,0,24,1643,290334,288691,70466,0,6,957,994,9,359972,93,359715,359782,0,352542,0,0,9416,0,0,24,0,0,0,0,0,2851,0,60,8,2735,994,359806,359972,309466,358687,257,1018,0,41840,1873,0,0,0,0,0,0,0,0,99,358927,0,0,361077,0,360800,0,false
202406190500,"vMSC2/Local Zone:LABEL=0, STATICAREAX=0",86.091,80.975,0,1894,2200,0,243033,300135,0,0,0,0,328,124,230,2,278772,278866,278795,110,301357,300245,0,302461,85,37,51,6,76796,2202,0,0,0,0,300806,17,2175,2260,0,0,28,1998,245031,243033,57430,0,23,2590,2688,3,300533,163,299516,299745,0,277694,0,0,19290,0,0,28,0,0,0,0,0,10448,0,182,18,10128,2688,299773,300533,188946,295582,1017,2716,0,94077,2326,0,0,0,0,0,0,0,0,126,300135,0,0,302691,0,302461,0,false
202406190600,"MSOFTX/Local Zone:LABEL=0, STATICAREAX=0",89.775,84.23,0,6418,7149,0,565034,670826,0,0,3,0,632,300,418,4,620716,620859,620739,260,676177,674362,0,678271,175,112,82,6,171804,3943,0,0,0,0,675067,36,4048,4199,0,0,65,6649,571683,565034,106588,0,40,4757,4922,0,674784,258,672746,673284,0,627616,0,0,23452,0,0,65,0,0,0,0,0,21228,0,368,30,20621,4922,673349,674784,503741,667199,2038,4987,0,150827,7445,0,0,0,0,0,0,0,0,296,670826,0,0,678732,0,678271,0,false
202406190600,"NEW_MSC1/Local Zone:LABEL=0, STATICAREAX=0",91.515,85.772,0,4918,5374,0,572714,667717,0,0,1,0,462,131,653,2,813090,813137,813113,36,844291,843818,0,844893,101,808,33,1,286523,2917,0,0,0,0,843400,19,1238,2763,0,0,20,5033,730116,572714,114777,0,22,1577,3255,0,843701,172,841568,841618,0,831128,0,0,19477,0,0,20,0,0,0,0,0,5533,0,90,25,5202,3255,841638,843701,0,0,2133,3275,0,152172,5527,0,0,0,0,0,0,0,0,153,667717,0,0,844896,0,844893,0,false
202406190600,"NEW_MSC3/Local Zone:LABEL=0, STATICAREAX=0",90.244,83.987,0,2257,2501,0,483697,575921,0,0,4,0,448,9,124,14,549012,549043,549018,23,577980,577375,0,578594,19,75,25,1,174428,1588,0,0,0,0,577322,10,1565,1625,0,0,47,2386,486083,483697,92511,0,10,1878,1941,0,577118,177,576525,576606,0,564924,0,0,10043,0,0,47,0,0,0,0,0,4595,0,79,16,4423,1941,576653,577118,502527,575804,593,1988,0,65886,2673,0,0,0,0,0,0,0,0,172,575921,0,0,578753,0,578594,0,false
202406190600,"vMSC3/Local Zone:LABEL=0, STATICAREAX=0",91.089,84.123,0,1615,1773,0,301756,358708,0,0,0,0,254,0,56,6,343252,343263,343259,15,360189,359961,0,360569,13,22,13,0,109254,821,0,0,0,0,359807,3,735,769,0,0,19,1681,303437,301756,57132,0,4,932,970,12,359792,89,359529,359580,0,352371,0,0,7241,0,0,19,0,0,0,0,0,2852,0,59,9,2741,970,359599,359792,308676,358468,263,989,0,44580,1861,0,0,0,0,0,0,0,0,88,358708,0,0,360891,0,360569,0,false
202406190600,"vMSC2/Local Zone:LABEL=0, STATICAREAX=0",90.114,84.492,0,1969,2185,0,253550,300089,0,0,0,0,329,125,228,2,278820,278912,278844,109,301369,300278,0,302397,79,34,51,7,76811,2175,0,0,0,0,300802,16,2172,2257,0,0,28,2075,255625,253550,46772,0,23,2550,2646,1,300539,165,299548,299723,0,277720,0,0,15246,0,0,28,0,0,0,0,0,10435,0,172,18,10119,2646,299751,300539,188187,295541,991,2674,0,98830,2308,0,0,0,0,0,0,0,0,123,300089,0,0,302488,0,302397,0,false
202406190700,"MSOFTX/Local Zone:LABEL=0, STATICAREAX=0",91.913,85.631,0,6592,7172,0,574385,670769,0,0,3,0,622,301,428,4,620764,620906,620788,259,676189,674383,0,678225,178,113,81,6,172012,3949,0,0,0,0,675085,36,4081,4225,0,0,51,6805,581190,574385,97035,0,44,4754,4917,0,674806,253,672749,673257,0,627611,0,0,19381,0,0,51,0,0,0,0,0,21207,0,354,29,20606,4917,673308,674806,502552,667238,2057,4968,0,156048,7456,0,0,0,0,0,0,0,0,284,670769,0,0,678406,0,678225,0,false
202406190700,"NEW_MSC1/Local Zone:LABEL=0, STATICAREAX=0",93.526,86.758,0,5027,5375,0,578236,666490,0,0,0,0,458,131,661,2,813268,813318,813292,37,844503,844024,0,845098,106,822,38,1,286590,2941,0,0,0,0,843588,18,1263,2818,0,0,13,5131,740642,578236,104456,0,21,1593,3310,0,843905,191,841716,841775,0,831307,0,0,15989,0,0,13,0,0,0,0,0,5542,0,89,24,5205,3310,841788,843905,0,0,2189,3323,0,157096,5523,0,0,0,0,0,0,0,0,148,666490,0,0,845123,0,845098,0,false
202406190700,"NEW_MSC3/Local Zone:LABEL=0, STATICAREAX=0",92.39,84.598,0,2319,2510,0,487280,575994,0,0,4,0,438,9,119,14,549089,549117,549095,23,578070,577475,0,578661,22,74,25,1,174403,1569,0,0,0,0,577425,11,1585,1640,0,0,38,2431,489711,487280,88950,0,11,1869,1929,0,577211,166,576626,576694,0,565016,0,0,8557,0,0,38,0,0,0,0,0,4616,0,78,16,4446,1929,576732,577211,501990,575939,585,1967,0,67995,2667,0,0,0,0,0,0,0,0,157,575994,0,0,578768,0,578661,0,false
202406190700,"vMSC3/Local Zone:LABEL=0, STATICAREAX=0",92.438,84.801,0,1638,1772,0,304357,358908,0,0,0,0,258,0,59,6,343446,343458,343451,15,360370,360144,0,360772,14,22,10,0,109278,823,0,0,0,0,359972,4,752,786,0,0,14,1701,306058,304357,54714,0,5,936,975,11,359971,99,359715,359783,0,352560,0,0,6050,0,0,14,0,0,0,0,0,2833,0,58,9,2724,975,359797,359971,308605,358696,256,989,0,46045,1864,0,0,0,0,0,0,0,0,92,358908,0,0,360754,0,360772,0,false
202406190700,"vMSC2/Local Zone:LABEL=0, STATICAREAX=0",92.251,86.158,0,2000,2168,0,258640,300192,0,0,0,0,342,124,226,2,278827,278922,278850,107,301447,300334,0,302472,80,34,50,7,76741,2200,0,0,0,0,300871,17,2211,2288,0,0,17,2087,260727,258640,41745,0,22,2570,2663,2,300589,173,299606,299792,0,277731,0,0,12420,0,0,17,0,0,0,0,0,10472,0,184,18,10151,2663,299809,300589,187428,295630,983,2680,0,102513,2280,0,0,0,0,0,0,0,0,112,300192,0,0,302526,0,302472,0,false
202406190800,"MSOFTX/Local Zone:LABEL=0, STATICAREAX=0",93.113,86.138,0,6665,7158,0,577843,670833,0,0,3,0,627,301,432,4,620725,620883,620756,256,676204,674387,0,678255,170,114,85,5,171953,3969,0,0,0,0,675084,36,4122,4256,0,0,46,6866,584709,577843,93546,0,45,4775,4929,0,674802,268,672734,673280,0,627658,0,0,17240,0,0,46,0,0,0,0,0,21194,0,355,28,20585,4929,673326,674802,502284,667320,2068,4975,0,158496,7422,0,0,0,0,0,0,0,0,264,670833,0,0,678462,0,678255,0,false
202406190800,"NEW_MSC1/Local Zone:LABEL=0, STATICAREAX=0",93.341,86.711,0,5018,5376,0,578029,666613,0,0,0,0,459,132,676,2,813887,813936,813914,37,845132,844655,0,845725,109,862,42,0,286730,2993,0,0,0,0,844215,18,1326,2870,0,0,11,5111,742247,578029,103478,0,21,1650,3362,0,844533,191,842300,842352,0,831917,0,0,14650,0,0,11,0,0,0,0,0,5556,0,91,26,5210,3362,842363,844533,0,0,2233,3373,0,158945,5517,0,0,0,0,0,0,0,0,141,666613,0,0,845733,0,845725,0,false
202406190800,"NEW_MSC3/Local Zone:LABEL=0, STATICAREAX=0",92.277,84.47,0,2318,2512,0,486788,576283,0,0,4,0,433,9,119,12,549374,549401,549380,24,578372,577769,0,578937,23,77,25,1,174525,1580,0,0,0,0,577736,11,1587,1634,0,0,32,2420,489208,486788,89729,0,11,1854,1904,0,577510,167,576934,577001,0,565296,0,0,7862,0,0,32,0,0,0,0,0,4635,0,80,16,4465,1904,577033,577510,502134,576259,576,1936,0,68824,2654,0,0,0,0,0,0,0,0,142,576283,0,0,578939,0,578937,0,false
202406190800,"vMSC3/Local Zone:LABEL=0, STATICAREAX=0",93.567,84.615,0,1658,1772,0,303834,359079,0,0,0,0,260,0,50,7,343610,343627,343619,15,360549,360323,0,360932,13,21,13,0,109295,821,0,0,0,0,360147,4,785,816,0,0,14,1719,305553,303834,55379,0,4,958,990,13,360144,95,359872,359928,0,352714,0,0,5649,0,0,14,0,0,0,0,0,2828,0,57,12,2716,990,359942,360144,308811,358924,272,1004,0,46404,1853,0,0,0,0,0,0,0,0,81,359079,0,0,360968,0,360932,0,false
202406190800,"vMSC2/Local Zone:LABEL=0, STATICAREAX=0",92.966,86.813,0,2022,2175,0,260782,300395,0,0,0,0,343,124,228,2,278989,279072,279007,110,301631,300523,0,302676,85,34,49,7,76871,2206,0,0,0,0,301064,15,2228,2297,0,0,17,2105,262887,260782,39789,0,21,2580,2659,2,300792,158,299795,300000,0,277820,0,0,11064,0,0,17,0,0,0,0,0,10503,0,183,18,10187,2659,300017,300792,187475,295934,997,2676,0,104024,2281,0,0,0,0,0,0,0,0,106,300395,0,0,302733,0,302676,0,false
202406190900,"MSOFTX/Local Zone:LABEL=0, STATICAREAX=0",93.907,86.444,0,6735,7172,0,580416,671435,0,0,3,0,629,302,415,4,621414,621554,621441,258,676819,675001,0,678871,184,118,90,5,172145,3958,0,0,0,0,675700,36,4160,4290,0,0,46,6935,587351,580416,91520,0,44,4790,4934,0,675404,259,673344,673891,0,628226,0,0,16286,0,0,46,0,0,0,0,0,21200,0,362,28,20583,4934,673937,675404,502534,667980,2060,4980,0,159820,7436,0,0,0,0,0,0,0,0,264,671435,0,0,678867,0,678871,0,false
202406190900,"NEW_MSC1/Local Zone:LABEL=0, STATICAREAX=0",93.741,86.618,0,5032,5368,0,577583,666819,0,0,0,0,453,131,687,2,814458,814508,814486,37,845665,845187,0,846261,110,873,40,1,286858,3013,0,0,0,0,844730,18,1332,2878,0,0,11,5137,742771,577583,103490,0,20,1655,3392,0,845063,199,842802,842858,0,832437,0,0,14022,0,0,11,0,0,0,0,0,5549,0,89,26,5204,3392,842869,845063,0,0,2261,3403,0,159898,5522,0,0,0,0,0,0,0,0,154,666819,0,0,846251,0,846261,0,false
202406190900,"NEW_MSC3/Local Zone:LABEL=0, STATICAREAX=0",92.596,84.377,0,2326,2512,0,486601,576701,0,0,4,0,438,9,118,14,549757,549789,549766,26,578781,578183,0,579356,25,77,28,1,174518,1580,0,0,0,0,578131,10,1603,1647,0,0,32,2430,489031,486601,90325,0,11,1873,1921,0,577914,171,577329,577403,0,565692,0,0,7664,0,0,32,0,0,0,0,0,4636,0,84,16,4456,1921,577435,577914,502494,576713,585,1953,0,69079,2655,0,0,0,0,0,0,0,0,143,576701,0,0,579320,0,579356,0,false
202406190900,"vMSC3/Local Zone:LABEL=0, STATICAREAX=0",93.619,84.506,0,1658,1771,0,303540,359194,0,0,0,0,258,0,61,5,343728,343743,343734,14,360671,360446,0,361050,13,25,12,0,109390,823,0,0,0,0,360275,4,792,825,0,0,15,1722,305262,303540,55788,0,4,959,993,13,360273,88,359994,360042,0,352832,0,0,5493,0,0,15,0,0,0,0,0,2831,0,51,12,2726,993,360057,360273,308897,359103,279,1008,0,46591,1856,0,0,0,0,0,0,0,0,85,359194,0,0,361189,0,361050,0,false
202406190900,"vMSC2/Local Zone:LABEL=0, STATICAREAX=0",93.522,87.057,0,2021,2161,0,261559,300447,0,0,0,0,346,122,237,2,279012,279107,279031,110,301642,300545,0,302699,82,32,54,8,76833,2214,0,0,0,0,301078,15,2245,2304,0,0,19,2094,263653,261559,39046,0,21,2584,2655,0,300799,158,299808,300025,0,277841,0,0,10611,0,0,19,0,0,0,0,0,10505,0,180,18,10188,2655,300044,300799,187287,295945,991,2674,0,104679,2252,0,0,0,0,0,0,0,0,91,300447,0,0,302773,0,302699,0,false
202406191000,"MSOFTX/Local Zone:LABEL=0, STATICAREAX=0",94.262,86.792,0,6752,7163,0,583216,671968,0,0,3,0,630,300,412,4,621876,622019,621908,258,677352,675516,0,679413,187,118,89,6,172208,3978,0,0,0,0,676222,36,4195,4338,0,0,53,6972,590188,583216,89225,0,44,4816,4979,0,675927,260,673857,674381,0,628700,0,0,15727,0,0,53,0,0,0,0,0,21211,0,367,27,20586,4979,674434,675927,502899,668593,2070,5032,0,160550,7445,0,0,0,0,0,0,0,0,282,671968,0,0,679440,0,679413,0,false
202406191000,"NEW_MSC1/Local Zone:LABEL=0, STATICAREAX=0",93.911,86.87,0,5043,5370,0,579927,667578,0,0,0,0,451,132,688,2,814804,814860,814836,37,846002,845525,0,846617,110,880,42,1,286914,3016,0,0,0,0,845071,19,1345,2901,0,0,13,5158,745230,579927,101387,0,19,1661,3410,0,845401,200,843129,843194,0,832786,0,0,13548,0,0,13,0,0,0,0,0,5549,0,90,26,5206,3410,843207,845401,0,0,2272,3423,0,159953,5538,0,0,0,0,0,0,0,0,168,667578,0,0,846599,0,846617,0,false
202406191000,"NEW_MSC3/Local Zone:LABEL=0, STATICAREAX=0",92.982,84.783,0,2332,2508,0,489206,577012,0,0,4,0,441,9,124,15,550099,550136,550108,26,579093,578490,0,579667,26,77,28,1,174550,1592,0,0,0,0,578439,10,1613,1662,0,0,31,2445,491651,489206,88016,0,11,1894,1947,0,578228,174,577621,577689,0,565951,0,0,7457,0,0,31,0,0,0,0,0,4642,0,81,16,4469,1947,577720,578228,502815,577045,607,1978,0,69274,2655,0,0,0,0,0,0,0,0,147,577012,0,0,579654,0,579667,0,false
202406191000,"vMSC3/Local Zone:LABEL=0, STATICAREAX=0",94.134,84.918,0,1669,1773,0,305257,359473,0,0,0,0,257,1,59,4,343951,343960,343957,14,360943,360719,0,361336,18,22,12,0,109438,824,0,0,0,0,360545,4,788,824,0,0,17,1739,306996,305257,54340,0,4,954,991,11,360540,90,360271,360328,0,353120,0,0,5356,0,0,17,0,0,0,0,0,2830,0,55,11,2719,991,360345,360540,309103,359435,269,1008,0,46807,1863,0,0,0,0,0,0,0,0,90,359473,0,0,361373,0,361336,0,false
202406191000,"vMSC2/Local Zone:LABEL=0, STATICAREAX=0",93.721,87.454,0,2030,2166,0,262854,300564,0,0,0,0,349,124,235,2,279163,279255,279180,112,301770,300671,0,302820,80,35,57,7,76859,2219,0,0,0,0,301212,15,2261,2317,0,0,20,2100,264954,262854,37866,0,21,2594,2663,1,300929,158,299939,300137,0,277987,0,0,10172,0,0,20,0,0,0,0,0,10501,0,174,17,10192,2663,300157,300929,187281,296070,990,2683,0,105245,2256,0,0,0,0,0,0,0,0,90,300564,0,0,303000,0,302820,0,false
202406191100,"MSOFTX/Local Zone:LABEL=0, STATICAREAX=0",94.331,87.294,0,6756,7162,0,587142,672600,0,0,3,0,635,298,422,4,622522,622664,622547,259,677988,676164,0,680059,187,117,87,5,172278,3958,0,0,0,0,676860,36,4190,4350,0,0,54,6997,594139,587142,85920,0,43,4784,4959,0,676577,256,674530,675046,0,629310,0,0,15095,0,0,54,0,0,0,0,0,21228,0,355,26,20618,4959,675100,676577,503857,669294,2047,5013,0,160848,7459,0,0,0,0,0,0,0,0,297,672600,0,0,680201,0,680059,0,false
202406191100,"NEW_MSC1/Local Zone:LABEL=0, STATICAREAX=0",94.432,87.242,0,5071,5370,0,582849,668080,0,0,1,0,449,132,693,2,815229,815284,815259,37,846451,845972,0,847058,108,878,40,1,287056,3023,0,0,0,0,845515,19,1338,2893,0,0,14,5198,748270,582849,98788,0,19,1658,3428,0,845849,197,843558,843616,0,833222,0,0,13406,0,0,14,0,0,0,0,0,5557,0,89,27,5216,3428,843630,845849,0,0,2291,3442,0,160029,5543,0,0,0,0,0,0,0,0,173,668080,0,0,847070,0,847058,0,false
202406191100,"NEW_MSC3/Local Zone:LABEL=0, STATICAREAX=0",93.663,85.388,0,2350,2509,0,493040,577414,0,0,4,0,438,8,120,15,550522,550556,550530,23,579492,578898,0,580078,25,78,28,1,174662,1587,0,0,0,0,578847,11,1598,1651,0,0,33,2471,495511,493040,84567,0,12,1868,1924,0,578633,168,578037,578121,0,566383,0,0,7273,0,0,33,0,0,0,0,0,4633,0,83,17,4465,1924,578154,578633,503360,577447,596,1957,0,69322,2664,0,0,0,0,0,0,0,0,155,577414,0,0,580055,0,580078,0,false
202406191100,"vMSC3/Local Zone:LABEL=0, STATICAREAX=0",93.863,85.535,0,1667,1776,0,307530,359536,0,0,0,0,252,1,67,4,343997,344012,344006,16,360992,360760,0,361402,19,22,12,0,109433,839,0,0,0,0,360590,4,811,848,0,0,21,1739,309269,307530,52133,0,4,982,1020,8,360583,89,360302,360361,0,353140,0,0,5259,0,0,21,0,0,0,0,0,2841,0,55,11,2726,1020,360382,360583,309112,359510,281,1041,0,46959,1866,0,0,0,0,0,0,0,0,90,359536,0,0,361444,0,361402,0,false
202406191100,"vMSC2/Local Zone:LABEL=0, STATICAREAX=0",93.825,87.974,0,2036,2170,0,264488,300643,0,0,0,0,342,127,235,2,279232,279332,279255,114,301855,300750,0,302913,83,41,56,7,76894,2225,0,0,0,0,301298,16,2295,2355,0,0,22,2113,266601,264488,36312,0,21,2607,2682,4,300993,156,300003,300209,0,278124,0,0,9720,0,0,22,0,0,0,0,0,10473,0,183,16,10152,2682,300231,300993,187523,296208,990,2704,0,105547,2270,0,0,0,0,0,0,0,0,100,300643,0,0,303006,0,302913,0,false
202406191200,"MSOFTX/Local Zone:LABEL=0, STATICAREAX=0",94.19,87.602,0,6760,7177,0,589546,672985,0,0,3,0,632,299,428,4,622846,622987,622869,259,678378,676547,0,680488,182,119,89,6,172276,3990,0,0,0,0,677235,37,4225,4402,0,0,68,7032,596578,589546,83910,0,46,4823,5021,0,676934,261,674880,675399,0,629718,0,0,15083,0,0,68,0,0,0,0,0,21180,0,365,26,20558,5021,675467,676934,504597,669742,2054,5089,0,160518,7503,0,0,0,0,0,0,0,0,326,672985,0,0,680524,0,680488,0,false
202406191200,"NEW_MSC1/Local Zone:LABEL=0, STATICAREAX=0",94.802,87.699,0,5088,5367,0,586826,669139,0,0,1,0,450,132,690,2,815585,815636,815613,37,846797,846323,0,847417,109,880,40,1,287146,3020,0,0,0,0,845860,19,1335,2887,0,0,17,5222,751404,586826,96013,0,19,1655,3419,0,846192,194,843914,843981,0,833562,0,0,13566,0,0,17,0,0,0,0,0,5563,0,91,27,5221,3419,843998,846192,0,0,2278,3436,0,159168,5544,0,0,0,0,0,0,0,0,177,669139,0,0,847428,0,847417,0,false
202406191200,"NEW_MSC3/Local Zone:LABEL=0, STATICAREAX=0",94.436,85.973,0,2376,2516,0,496734,577780,0,0,4,0,440,9,121,15,550818,550848,550825,23,579862,579260,0,580487,25,79,29,1,174802,1582,0,0,0,0,579205,9,1620,1684,0,0,48,2533,499267,496734,81220,0,11,1886,1957,0,578998,179,578402,578482,0,566724,0,0,7352,0,0,48,0,0,0,0,0,4648,0,84,17,4474,1957,578530,578998,504171,577827,596,2005,0,68813,2707,0,0,0,0,0,0,0,0,191,577780,0,0,580506,0,580487,0,false
202406191200,"vMSC3/Local Zone:LABEL=0, STATICAREAX=0",93.842,86.124,0,1661,1770,0,309694,359592,0,0,0,0,256,0,62,4,344082,344096,344089,17,361046,360822,0,361459,18,22,12,0,109464,835,0,0,0,0,360642,5,799,843,0,0,22,1742,311436,309694,50023,0,5,976,1022,6,360641,88,360365,360415,0,353206,0,0,5314,0,0,22,0,0,0,0,0,2833,0,50,11,2726,1022,360437,360641,309501,359628,276,1044,0,46570,1867,0,0,0,0,0,0,0,0,97,359592,0,0,361510,0,361459,0,false
202406191200,"vMSC2/Local Zone:LABEL=0, STATICAREAX=0",93.857,88.212,0,2032,2165,0,265321,300778,0,0,0,0,345,125,225,2,279368,279463,279390,112,301964,300877,0,303050,81,39,54,8,76860,2176,0,0,0,0,301403,16,2269,2334,0,0,25,2117,267438,265321,35612,0,21,2568,2647,6,301124,153,300155,300378,0,278201,0,0,9695,0,0,25,0,0,0,0,0,10510,0,176,18,10193,2647,300403,301124,187970,296438,969,2672,0,105256,2272,0,0,0,0,0,0,0,0,107,300778,0,0,303096,0,303050,0,false
202406191300,"MSOFTX/Local Zone:LABEL=0, STATICAREAX=0",94.056,87.704,0,6741,7167,0,590361,673131,0,0,3,0,649,297,430,5,623098,623241,623127,263,678456,676589,0,680645,189,121,88,7,172332,4028,0,0,0,0,677289,35,4317,4505,0,0,74,7037,597398,590361,83247,0,45,4921,5128,0,677001,267,674888,675443,0,629715,0,0,15471,0,0,74,0,0,0,0,0,21220,0,364,26,20588,5128,675517,677001,504384,669900,2113,5202,0,160477,7514,0,0,0,0,0,0,0,0,347,673131,0,0,680788,0,680645,0,false
202406191300,"NEW_MSC1/Local Zone:LABEL=0, STATICAREAX=0",94.965,87.97,0,5092,5362,0,588477,668949,0,0,0,0,450,132,693,2,815564,815615,815590,37,846789,846319,0,847408,104,881,42,0,287174,3006,0,0,0,0,845859,19,1310,2861,0,0,18,5223,752595,588477,94813,0,19,1623,3388,0,846181,195,843939,844002,0,833571,0,0,14224,0,0,18,0,0,0,0,0,5557,0,89,26,5221,3388,844020,846181,0,0,2242,3406,0,158701,5534,0,0,0,0,0,0,0,0,172,668949,0,0,847592,0,847408,0,false
202406191300,"NEW_MSC3/Local Zone:LABEL=0, STATICAREAX=0",94.199,86.323,0,2371,2517,0,498941,577994,0,0,4,0,437,8,120,15,551020,551053,551026,23,580055,579445,0,580713,26,79,28,0,174864,1585,0,0,0,0,579401,10,1642,1713,0,0,59,2545,501486,498941,79227,0,12,1894,1969,0,579184,172,578598,578685,0,566919,0,0,7511,0,0,59,0,0,0,0,0,4652,0,87,15,4473,1969,578744,579184,504205,578040,586,2028,0,68832,2719,0,0,0,0,0,0,0,0,202,577994,0,0,580725,0,580713,0,false
202406191300,"vMSC3/Local Zone:LABEL=0, STATICAREAX=0",94.463,86.476,0,1672,1770,0,311165,359830,0,0,0,0,262,1,61,4,344292,344306,344302,15,361262,361045,0,361708,20,22,15,0,109535,836,0,0,0,0,360863,5,809,856,0,0,29,1765,312930,311165,48778,0,5,978,1026,8,360859,94,360588,360653,0,353430,0,0,5438,0,0,29,0,0,0,0,0,2832,0,52,14,2721,1026,360682,360859,309623,359877,271,1055,0,46564,1878,0,0,0,0,0,0,0,0,108,359830,0,0,361703,0,361708,0,false
202406191300,"vMSC2/Local Zone:LABEL=0, STATICAREAX=0",94.475,88.235,0,2052,2172,0,265627,301044,0,0,0,0,340,127,228,3,279604,279707,279625,110,302217,301121,0,303338,81,43,53,11,76987,2191,0,0,0,0,301664,18,2310,2385,0,0,27,2146,267773,265627,35565,0,24,2613,2706,5,301361,152,300377,300605,0,278445,0,0,9839,0,0,27,0,0,0,0,0,10492,0,181,15,10172,2706,300632,301361,188063,296594,984,2733,0,105286,2294,0,0,0,0,0,0,0,0,122,301044,0,0,303305,0,303338,0,false
202406191400,"MSOFTX/Local Zone:LABEL=0, STATICAREAX=0",94.388,87.885,0,6761,7163,0,591552,673099,0,0,3,0,645,297,416,5,623172,623322,623204,261,678406,676552,0,680648,186,121,92,9,172355,3995,0,0,0,0,677250,37,4307,4508,0,0,85,7081,598633,591552,82015,0,46,4903,5128,0,676950,268,674858,675435,0,629727,0,0,15721,0,0,85,0,0,0,0,0,21174,0,359,27,20552,5128,675520,676950,504076,669979,2092,5213,0,160523,7549,0,0,0,0,0,0,0,0,386,673099,0,0,680807,0,680648,0,false
202406191400,"NEW_MSC1/Local Zone:LABEL=0, STATICAREAX=0",94.649,88.389,0,5076,5363,0,590904,668529,0,0,1,0,451,132,696,2,815653,815702,815677,37,846870,846394,0,847506,107,879,39,2,287149,3008,0,0,0,0,845933,19,1322,2885,0,0,18,5215,755092,590904,92414,0,20,1633,3402,0,846265,201,844021,844086,0,833644,0,0,14645,0,0,18,0,0,0,0,0,5559,0,89,24,5226,3402,844104,846265,0,0,2244,3420,0,158793,5539,0,0,0,0,0,0,0,0,176,668529,0,0,847543,0,847506,0,false
202406191400,"NEW_MSC3/Local Zone:LABEL=0, STATICAREAX=0",93.917,86.863,0,2362,2515,0,502224,578180,0,0,4,0,444,9,123,15,551186,551222,551194,24,580229,579622,0,580905,26,81,28,1,174955,1590,0,0,0,0,579568,10,1650,1723,0,0,64,2543,504767,502224,76138,0,12,1899,1975,0,579349,178,578761,578866,0,567084,0,0,7578,0,0,64,0,0,0,0,0,4669,0,91,17,4484,1975,578930,579349,504103,578265,588,2039,0,69055,2725,0,0,0,0,0,0,0,0,210,578180,0,0,580935,0,580905,0,false
202406191400,"vMSC3/Local Zone:LABEL=0, STATICAREAX=0",94.796,86.95,0,1676,1768,0,312878,359835,0,0,0,0,258,0,60,4,344298,344309,344306,14,361249,361024,0,361717,20,24,13,0,109513,830,0,0,0,0,360850,6,821,870,0,0,30,1774,314652,312878,47065,0,6,988,1037,6,360854,89,360577,360650,0,353438,0,0,5513,0,0,30,0,0,0,0,0,2807,0,50,11,2704,1037,360680,360854,309454,359891,277,1067,0,46661,1882,0,0,0,0,0,0,0,0,114,359835,0,0,361849,0,361717,0,false
202406191400,"vMSC2/Local Zone:LABEL=0, STATICAREAX=0",94.309,88.295,0,2055,2179,0,266165,301448,0,0,0,0,348,128,239,3,280001,280101,280021,113,302642,301519,0,303760,86,43,56,9,77092,2244,0,0,0,0,302071,20,2365,2455,0,0,29,2167,268332,266165,35428,0,26,2667,2769,5,301779,155,300747,300962,0,278751,0,0,10117,0,0,29,0,0,0,0,0,10550,0,186,15,10220,2769,300991,301779,188137,297064,1032,2798,0,105344,2312,0,0,0,0,0,0,0,0,133,301448,0,0,303750,0,303760,0,false
202406191500,"MSOFTX/Local Zone:LABEL=0, STATICAREAX=0",94.303,88.409,0,6754,7162,0,595176,673206,0,0,3,0,650,296,428,4,623289,623433,623316,261,678537,676672,0,680771,196,120,90,8,172465,4016,0,0,0,0,677385,39,4319,4527,0,0,100,7100,602276,595176,78495,0,49,4928,5159,0,677071,264,674970,675512,0,629868,0,0,15808,0,0,100,0,0,0,0,0,21173,0,360,29,20539,5159,675612,677071,503965,670063,2101,5259,0,160646,7565,0,0,0,0,0,0,0,0,403,673206,0,0,680847,0,680771,0,false
202406191500,"NEW_MSC1/Local Zone:LABEL=0, STATICAREAX=0",95.099,89.082,0,5103,5366,0,595356,668323,0,0,1,0,451,132,695,1,815915,815966,815941,37,847131,846657,0,847771,105,879,41,2,287168,3002,0,0,0,0,846192,20,1329,2881,0,0,20,5244,760121,595356,87650,0,21,1633,3392,0,846526,201,844290,844359,0,833914,0,0,14574,0,0,20,0,0,0,0,0,5548,0,87,25,5218,3392,844379,846526,0,0,2236,3412,0,159337,5537,0,0,0,0,0,0,0,0,171,668323,0,0,847767,0,847771,0,false
202406191500,"NEW_MSC3/Local Zone:LABEL=0, STATICAREAX=0",94.705,87.747,0,2379,2512,0,507561,578439,0,0,4,0,439,8,120,16,551383,551413,551390,23,580489,579879,0,581168,29,81,29,0,175049,1585,0,0,0,0,579840,9,1636,1712,0,0,70,2576,510137,507561,71031,0,11,1892,1972,0,579619,172,579036,579126,0,567365,0,0,7469,0,0,70,0,0,0,0,0,4654,0,88,17,4475,1972,579196,579619,504197,578555,583,2042,0,69324,2729,0,0,0,0,0,0,0,0,217,578439,0,0,581166,0,581168,0,false
202406191500,"vMSC3/Local Zone:LABEL=0, STATICAREAX=0",94.514,87.726,0,1671,1768,0,315712,359884,0,0,0,0,260,1,63,3,344294,344311,344304,15,361298,361073,0,361764,19,24,14,0,109509,840,0,0,0,0,360888,4,828,879,0,0,32,1773,317485,315712,44279,0,5,997,1050,6,360892,94,360610,360682,0,353481,0,0,5493,0,0,32,0,0,0,0,0,2820,0,49,13,2715,1050,360714,360892,309351,359923,282,1082,0,46827,1880,0,0,0,0,0,0,0,0,112,359884,0,0,361826,0,361764,0,false
202406191500,"vMSC2/Local Zone:LABEL=0, STATICAREAX=0",94.708,88.665,0,2076,2192,0,267554,301758,0,0,0,0,351,128,231,4,280283,280394,280308,114,302898,301775,0,304086,80,47,60,11,77096,2249,0,0,0,0,302317,20,2393,2487,0,0,34,2198,269752,267554,34334,0,27,2707,2812,5,302019,158,300984,301240,0,278961,0,0,10126,0,0,34,0,0,0,0,0,10572,0,186,14,10246,2812,301274,302019,188184,297315,1035,2846,0,105594,2328,0,0,0,0,0,0,0,0,136,301758,0,0,304094,0,304086,0,false
202406191600,"MSOFTX/Local Zone:LABEL=0, STATICAREAX=0",94.448,89.403,0,6753,7150,0,602088,673455,0,0,3,0,646,296,426,4,623576,623736,623609,260,678750,676896,0,681006,193,122,89,9,172511,4026,0,0,0,0,677599,38,4357,4577,0,0,109,7116,609204,602088,71802,0,49,4954,5190,0,677268,265,675166,675707,0,630060,0,0,15538,0,0,109,0,0,0,0,0,21200,0,354,30,20569,5190,675816,677268,503950,670395,2102,5299,0,161148,7551,0,0,0,0,0,0,0,0,401,673455,0,0,681100,0,681006,0,false
202406191600,"NEW_MSC1/Local Zone:LABEL=0, STATICAREAX=0",95.267,90.154,0,5113,5367,0,602131,667890,0,0,1,0,448,132,690,1,816274,816329,816303,37,847491,847023,0,848143,106,881,41,2,287229,3007,0,0,0,0,846556,19,1327,2881,0,0,24,5269,768173,602131,79970,0,21,1628,3393,0,846887,196,844654,844726,0,834280,0,0,14131,0,0,24,0,0,0,0,0,5553,0,89,26,5222,3393,844750,846887,0,0,2233,3417,0,160566,5556,0,0,0,0,0,0,0,0,189,667890,0,0,848141,0,848143,0,false
202406191600,"NEW_MSC3/Local Zone:LABEL=0, STATICAREAX=0",95.141,89.291,0,2389,2511,0,516864,578851,0,0,4,0,449,8,126,16,551815,551844,551823,23,580886,580281,0,581590,30,78,29,0,175099,1581,0,0,0,0,580229,9,1653,1740,0,0,75,2600,519464,516864,62126,0,11,1905,1996,0,580005,176,579424,579519,0,567774,0,0,7120,0,0,75,0,0,0,0,0,4662,0,85,15,4482,1996,579594,580005,504210,578934,581,2071,0,70072,2739,0,0,0,0,0,0,0,0,228,578851,0,0,581600,0,581590,0,false
202406191600,"vMSC3/Local Zone:LABEL=0, STATICAREAX=0",95.316,89.252,0,1689,1772,0,321349,360047,0,0,0,0,259,1,60,3,344389,344404,344395,16,361473,361244,0,361950,18,25,15,0,109589,847,0,0,0,0,361074,6,836,896,0,0,34,1804,323153,321349,38797,0,7,1004,1065,14,361071,93,360782,360851,0,353654,0,0,5208,0,0,34,0,0,0,0,0,2814,0,51,12,2709,1065,360885,361071,309281,360083,289,1099,0,47355,1903,0,0,0,0,0,0,0,0,131,360047,0,0,361945,0,361950,0,false
202406191600,"vMSC2/Local Zone:LABEL=0, STATICAREAX=0",94.46,89.456,0,2080,2202,0,270263,302118,0,0,0,0,354,129,231,4,280652,280758,280674,117,303302,302153,0,304462,85,46,59,11,77165,2253,0,0,0,0,302712,20,2390,2488,0,0,37,2209,272472,270263,31990,0,27,2712,2822,1,302428,153,301367,301603,0,279377,0,0,9989,0,0,37,0,0,0,0,0,10528,0,192,14,10197,2822,301640,302428,188515,297711,1061,2859,0,105762,2344,0,0,0,0,0,0,0,0,142,302118,0,0,304513,0,304462,0,false
202406191700,"MSOFTX/Local Zone:LABEL=0, STATICAREAX=0",94.663,90.835,0,6775,7157,0,612069,673822,0,0,3,0,646,298,423,4,623815,623959,623840,264,679188,677329,0,681385,192,125,89,10,172660,4017,0,0,0,0,678025,42,4330,4567,0,0,113,7148,619217,612069,62168,0,51,4941,5196,0,677706,261,675612,676076,0,630492,0,0,14785,0,0,113,0,0,0,0,0,21179,0,357,28,20550,5196,676189,677706,505047,670772,2094,5309,0,161178,7563,0,0,0,0,0,0,0,0,406,673822,0,0,681423,0,681385,0,false
202406191700,"NEW_MSC1/Local Zone:LABEL=0, STATICAREAX=0",95.622,91.948,0,5133,5368,0,614723,668558,0,0,1,0,446,132,693,1,816666,816719,816695,36,848000,847528,0,848638,105,880,42,2,287331,2994,0,0,0,0,847067,19,1305,2890,0,0,24,5290,781957,614723,66681,0,21,1601,3391,0,847398,195,845168,845223,0,834801,0,0,12778,0,0,24,0,0,0,0,0,5543,0,88,25,5215,3391,845247,847398,0,0,2230,3415,0,161748,5554,0,0,0,0,0,0,0,0,186,668558,0,0,848640,0,848638,0,false
202406191700,"NEW_MSC3/Local Zone:LABEL=0, STATICAREAX=0",95.185,91.551,0,2392,2513,0,530497,579455,0,0,4,0,452,7,129,14,552226,552258,552234,23,581475,580870,0,582215,32,79,32,0,175289,1582,0,0,0,0,580814,9,1662,1756,0,0,85,2622,533119,530497,49096,0,11,1927,2024,0,580594,177,580004,580106,0,568350,0,0,6441,0,0,85,0,0,0,0,0,4659,0,82,16,4481,2024,580191,580594,505038,579589,590,2109,0,70536,2760,0,0,0,0,0,0,0,0,247,579455,0,0,582280,0,582215,0,false
202406191700,"vMSC3/Local Zone:LABEL=0, STATICAREAX=0",95.706,91.567,0,1694,1770,0,330060,360458,0,0,0,0,256,2,58,5,344713,344726,344721,15,361869,361639,0,362362,20,25,18,1,109661,847,0,0,0,0,361472,5,836,900,0,0,37,1817,331877,330060,30485,0,6,1004,1072,17,361467,92,361179,361253,0,354067,0,0,4595,0,0,37,0,0,0,0,0,2826,0,53,12,2717,1072,361290,361467,309973,360496,288,1109,0,47679,1904,0,0,0,0,0,0,0,0,134,360458,0,0,362413,0,362362,0,false
202406191700,"vMSC2/Local Zone:LABEL=0, STATICAREAX=0",94.3,90.739,0,2068,2193,0,274221,302208,0,0,0,0,361,126,224,4,280646,280761,280672,116,303352,302224,0,304569,83,43,60,10,77071,2242,0,0,0,0,302764,19,2394,2503,0,0,40,2216,276437,274221,28132,0,27,2717,2837,2,302471,161,301421,301692,0,279432,0,0,9398,0,0,40,0,0,0,0,0,10552,0,187,15,10225,2837,301732,302471,189233,297841,1050,2877,0,105712,2361,0,0,0,0,0,0,0,0,168,302208,0,0,304628,0,304569,0,false
202406191800,"MSOFTX/Local Zone:LABEL=0, STATICAREAX=0",94.08,91.306,0,6738,7162,0,615507,674111,0,0,3,0,635,294,425,4,624022,624181,624055,264,679396,677507,0,681734,197,127,91,10,172753,4060,0,0,0,0,678239,41,4365,4620,0,0,125,7157,622664,615507,59070,0,51,4987,5258,0,677921,255,675778,676351,0,630749,0,0,14292,0,0,125,0,0,0,0,0,21149,0,360,30,20516,5258,676476,677921,506871,671068,2143,5383,0,160164,7623,0,0,0,0,0,0,0,0,461,674111,0,0,681791,0,681734,0,false
202406191800,"NEW_MSC1/Local Zone:LABEL=0, STATICAREAX=0",95.551,92.81,0,5133,5372,0,621731,669898,0,0,0,0,449,132,690,1,817061,817116,817092,36,848405,847933,0,849065,104,876,41,2,287423,2990,0,0,0,0,847470,19,1300,2889,0,0,28,5297,788705,621731,60360,0,21,1604,3384,0,847805,195,845584,845653,0,835237,0,0,12136,0,0,28,0,0,0,0,0,5552,0,88,27,5218,3384,845681,847805,0,0,2221,3412,0,161469,5562,0,0,0,0,0,0,0,0,190,669898,0,0,849210,0,849065,0,false
202406191800,"NEW_MSC3/Local Zone:LABEL=0, STATICAREAX=0",95.092,92.21,0,2383,2506,0,534395,579544,0,0,4,0,442,7,131,14,552256,552289,552263,23,581560,580953,0,582325,29,79,33,1,175308,1577,0,0,0,0,580903,9,1652,1759,0,0,94,2640,537035,534395,45290,0,11,1909,2022,0,580685,174,580102,580209,0,568470,0,0,6163,0,0,94,0,0,0,0,0,4635,0,83,17,4460,2022,580303,580685,505757,579685,583,2116,0,70186,2781,0,0,0,0,0,0,0,0,275,579544,0,0,582430,0,582325,0,false
202406191800,"vMSC3/Local Zone:LABEL=0, STATICAREAX=0",95.864,92.226,0,1692,1765,0,332812,360866,0,0,0,0,268,2,57,5,345166,345175,345173,16,362287,362057,0,362768,21,25,16,0,109734,837,0,0,0,0,361885,5,845,914,0,0,39,1826,334638,332812,28130,0,6,1010,1080,21,361872,94,361587,361649,0,354474,0,0,4285,0,0,39,0,0,0,0,0,2829,0,51,11,2721,1080,361688,361872,310801,360933,285,1119,0,47560,1902,0,0,0,0,0,0,0,0,137,360866,0,0,362778,0,362768,0,false
202406191800,"vMSC2/Local Zone:LABEL=0, STATICAREAX=0",93.767,91.177,0,2061,2198,0,275779,302465,0,0,0,0,370,129,225,4,280936,281044,280959,112,303611,302507,0,304862,76,48,60,10,77081,2218,0,0,0,0,303013,19,2374,2509,0,0,51,2247,278026,275779,26836,0,28,2690,2838,2,302730,169,301714,301973,0,279633,0,0,9052,0,0,51,0,0,0,0,0,10582,0,180,16,10264,2838,302024,302730,190419,298235,1016,2889,0,105137,2397,0,0,0,0,0,0,0,0,199,302465,0,0,304896,0,304862,0,false
202406191900,"MSOFTX/Local Zone:LABEL=0, STATICAREAX=0",92.069,90.218,0,6594,7162,0,608423,674395,0,0,3,0,627,295,426,4,624348,624500,624378,263,679699,677834,0,682037,192,130,92,11,172755,4045,0,0,0,0,678556,40,4339,4608,0,0,131,7039,615462,608423,66575,0,51,4943,5231,0,678237,252,676128,676675,0,631090,0,0,15032,0,0,131,0,0,0,0,0,21178,0,362,27,20549,5231,676806,678237,508077,671408,2109,5362,0,158510,7642,0,0,0,0,0,0,0,0,480,674395,0,0,682098,0,682037,0,false
202406191900,"NEW_MSC1/Local Zone:LABEL=0, STATICAREAX=0",94.321,91.858,0,5066,5371,0,615953,670551,0,0,0,0,440,132,683,1,816975,817030,817005,36,848314,847838,0,848989,104,864,40,2,287463,2986,0,0,0,0,847376,19,1312,2892,0,0,31,5261,781327,615953,67662,0,21,1610,3384,0,847714,198,845498,845574,0,835154,0,0,12924,0,0,31,0,0,0,0,0,5551,0,89,26,5215,3384,845605,847714,0,0,2216,3415,0,159926,5588,0,0,0,0,0,0,0,0,217,670551,0,0,849077,0,848989,0,false
202406191900,"NEW_MSC3/Local Zone:LABEL=0, STATICAREAX=0",93.127,90.594,0,2344,2517,0,524716,579194,0,0,4,0,443,7,125,14,551941,551967,551947,22,581227,580630,0,581988,28,80,34,1,175311,1564,0,0,0,0,580570,9,1639,1747,0,0,101,2604,527320,524716,54668,0,11,1902,2013,0,580352,171,579775,579874,0,568135,0,0,6716,0,0,101,0,0,0,0,0,4638,0,82,17,4463,2013,579975,580352,506241,579332,577,2114,0,68812,2794,0,0,0,0,0,0,0,0,277,579194,0,0,582354,0,581988,0,false
202406191900,"vMSC3/Local Zone:LABEL=0, STATICAREAX=0",94.201,90.628,0,1657,1759,0,326940,360751,0,0,0,0,259,2,59,5,345049,345065,345057,17,362155,361923,0,362657,23,24,15,0,109693,842,0,0,0,0,361758,6,838,909,0,0,48,1799,328739,326940,33918,0,7,1004,1078,11,361750,94,361460,361531,0,354340,0,0,4677,0,0,48,0,0,0,0,0,2835,0,52,11,2727,1078,361579,361750,311044,360757,290,1126,0,46810,1906,0,0,0,0,0,0,0,0,147,360751,0,0,362806,0,362657,0,false
202406191900,"vMSC2/Local Zone:LABEL=0, STATICAREAX=0",92.821,90.247,0,2043,2201,0,272714,302187,0,0,0,0,364,129,227,4,280640,280754,280665,112,303332,302197,0,304608,83,49,59,9,77094,2234,0,0,0,0,302724,19,2412,2550,0,0,50,2233,274947,272714,29661,0,28,2733,2886,3,302439,166,301381,301672,0,279327,0,0,9534,0,0,50,0,0,0,0,0,10551,0,178,16,10231,2886,301722,302439,190920,298011,1058,2936,0,103889,2421,0,0,0,0,0,0,0,0,220,302187,0,0,304868,0,304608,0,false
202406192000,"MSOFTX/Local Zone:LABEL=0, STATICAREAX=0",87.94,87.14,0,6300,7164,0,587481,674179,0,0,3,0,629,296,418,4,624183,624330,624211,264,679521,677642,0,681833,193,128,90,9,172792,4017,0,0,0,0,678373,40,4347,4616,0,0,135,6755,594236,587481,87597,0,51,4968,5254,0,678051,254,675926,676444,0,630910,0,0,18563,0,0,135,0,0,0,0,0,21153,0,359,28,20525,5254,676579,678051,508253,671098,2125,5389,0,154598,7654,0,0,0,0,0,0,0,0,490,674179,0,0,681983,0,681833,0,false
202406192000,"NEW_MSC1/Local Zone:LABEL=0, STATICAREAX=0",91.29,88.76,0,4905,5373,0,595144,670511,0,0,0,0,443,132,683,1,816618,816675,816649,36,847951,847469,0,848625,100,861,38,2,287414,2991,0,0,0,0,847015,17,1272,2868,0,0,34,5101,757005,595144,91620,0,21,1572,3381,0,847349,198,845137,845210,0,834783,0,0,15947,0,0,34,0,0,0,0,0,5557,0,87,27,5219,3381,845244,847349,0,0,2212,3415,0,156574,5593,0,0,0,0,0,0,0,0,220,670511,0,0,849038,0,848625,0,false
202406192000,"NEW_MSC3/Local Zone:LABEL=0, STATICAREAX=0",89.655,86.598,0,2262,2523,0,501373,578963,0,0,4,0,446,7,121,14,551731,551763,551739,23,581000,580400,0,581767,28,80,35,1,175274,1566,0,0,0,0,580349,10,1630,1746,0,0,102,2528,503901,501373,77866,0,12,1901,2019,0,580125,177,579547,579646,0,567912,0,0,8563,0,0,102,0,0,0,0,0,4638,0,81,18,4461,2019,579748,580125,505747,579098,578,2121,0,67235,2804,0,0,0,0,0,0,0,0,281,578963,0,0,581953,0,581767,0,false
202406192000,"vMSC3/Local Zone:LABEL=0, STATICAREAX=0",91.657,86.716,0,1615,1762,0,312539,360415,0,0,0,0,264,2,62,5,344719,344730,344726,16,361837,361601,0,362329,21,23,16,0,109592,833,0,0,0,0,361430,5,845,915,0,0,51,1764,314303,312539,48026,0,6,1010,1081,6,361426,91,361137,361197,0,354010,0,0,5964,0,0,51,0,0,0,0,0,2834,0,52,10,2725,1081,361248,361426,310772,360412,289,1132,0,45468,1914,0,0,0,0,0,0,0,0,152,360415,0,0,362731,0,362329,0,false
202406192000,"vMSC2/Local Zone:LABEL=0, STATICAREAX=0",90.027,87.309,0,1977,2196,0,263777,302118,0,0,0,0,367,128,230,4,280588,280712,280619,111,303257,302129,0,304522,80,49,60,11,77017,2247,0,0,0,0,302656,19,2385,2526,0,0,53,2169,265946,263777,38576,0,28,2715,2867,3,302371,164,301331,301602,0,279260,0,0,12046,0,0,53,0,0,0,0,0,10579,0,183,17,10254,2867,301655,302371,190873,297856,1040,2920,0,101347,2404,0,0,0,0,0,0,0,0,208,302118,0,0,304754,0,304522,0,false
202406192100,"MSOFTX/Local Zone:LABEL=0, STATICAREAX=0",84.558,83.189,0,6051,7156,0,560636,673928,0,0,3,0,631,298,428,4,624023,624173,624050,265,679263,677384,0,681562,201,129,89,11,172665,4050,0,0,0,0,678110,40,4317,4576,0,0,127,6493,567129,560636,114433,0,51,4974,5251,0,677800,253,675668,676184,0,630666,0,0,24683,0,0,127,0,0,0,0,0,21170,0,358,29,20541,5251,676311,677800,507929,670837,2132,5378,0,148531,7634,0,0,0,0,0,0,0,0,478,673928,0,0,681910,0,681562,0,false
202406192100,"NEW_MSC1/Local Zone:LABEL=0, STATICAREAX=0",88.949,84.936,0,4773,5366,0,569836,670899,0,0,0,0,469,132,670,1,816241,816297,816272,35,847547,847040,0,848217,95,827,34,2,287284,2979,0,0,0,0,846607,17,1260,2874,0,0,35,4974,725726,569836,122491,0,21,1562,3362,0,846940,192,844754,844820,0,834401,0,0,20981,0,0,35,0,0,0,0,0,5595,0,90,27,5217,3362,844855,846940,0,0,2186,3397,0,150747,5590,0,0,0,0,0,0,0,0,224,670899,0,0,848600,0,848217,0,false
202406192100,"NEW_MSC3/Local Zone:LABEL=0, STATICAREAX=0",86.362,82.346,0,2172,2515,0,476618,578800,0,0,4,0,459,7,122,14,551557,551590,551566,22,580851,580251,0,581591,29,79,33,1,175243,1578,0,0,0,0,580187,11,1629,1744,0,0,102,2433,479051,476618,102540,0,13,1907,2026,0,579967,180,579388,579463,0,567759,0,0,11411,0,0,102,0,0,0,0,0,4644,0,85,18,4462,2026,579565,579967,505751,578910,579,2128,0,64211,2791,0,0,0,0,0,0,0,0,276,578800,0,0,581767,0,581591,0,false
202406192100,"vMSC3/Local Zone:LABEL=0, STATICAREAX=0",88.738,82.42,0,1568,1767,0,296915,360246,0,0,0,0,266,2,59,5,344552,344561,344557,17,361657,361422,0,362160,20,23,16,0,109566,828,0,0,0,0,361252,6,845,915,0,0,50,1714,298629,296915,63531,0,7,1010,1081,0,361243,94,360952,361029,0,353840,0,0,7991,0,0,50,0,0,0,0,0,2840,0,54,10,2725,1081,361079,361243,310591,360226,291,1131,0,43450,1914,0,0,0,0,0,0,0,0,147,360246,0,0,362393,0,362160,0,false
202406192100,"vMSC2/Local Zone:LABEL=0, STATICAREAX=0",86.798,83.433,0,1900,2189,0,252040,302085,0,0,0,0,370,126,221,4,280585,280704,280613,110,303227,302097,0,304484,74,49,58,10,77113,2210,0,0,0,0,302627,19,2378,2518,0,0,54,2089,254129,252040,50355,0,26,2717,2865,1,302330,172,301305,301565,0,279216,0,0,16024,0,0,54,0,0,0,0,0,10557,0,186,15,10230,2865,301619,302330,190931,297744,1025,2919,0,97283,2399,0,0,0,0,0,0,0,0,210,302085,0,0,304548,0,304484,0,false
202406192200,"MSOFTX/Local Zone:LABEL=0, STATICAREAX=0",82.618,80.421,0,5908,7151,0,541886,673812,0,0,3,0,644,297,438,4,623836,623996,623865,263,679129,677223,0,681445,200,126,89,10,172760,4101,0,0,0,0,677962,39,4374,4626,0,0,122,6338,548224,541886,133221,0,51,5071,5339,0,677628,269,675455,675984,0,630454,0,0,30235,0,0,122,0,0,0,0,0,21216,0,363,29,20576,5339,676106,677628,507782,670663,2173,5461,0,143013,7633,0,0,0,0,0,0,0,0,482,673812,0,0,681643,0,681445,0,false
202406192200,"NEW_MSC1/Local Zone:LABEL=0, STATICAREAX=0",86.992,82.089,0,4668,5366,0,550855,671045,0,0,0,0,468,132,642,1,815966,816023,815997,35,847230,846723,0,847895,92,777,32,2,287174,2923,0,0,0,0,846294,18,1226,2798,0,0,33,4857,701098,550855,146797,0,22,1548,3302,0,846626,190,844493,844560,0,834112,0,0,26039,0,0,33,0,0,0,0,0,5588,0,89,27,5212,3302,844593,846626,0,0,2133,3335,0,145228,5583,0,0,0,0,0,0,0,0,217,671045,0,0,848197,0,847895,0,false
202406192200,"NEW_MSC3/Local Zone:LABEL=0, STATICAREAX=0",84.829,79.509,0,2136,2518,0,460194,578793,0,0,4,0,460,7,121,15,551498,551530,551506,22,580841,580233,0,581578,32,79,34,1,175259,1575,0,0,0,0,580175,12,1624,1735,0,0,101,2387,462581,460194,118997,0,14,1905,2020,0,579958,174,579377,579457,0,567764,0,0,13663,0,0,101,0,0,0,0,0,4641,0,85,17,4454,2020,579558,579958,505857,578905,581,2121,0,61849,2785,0,0,0,0,0,0,0,0,267,578793,0,0,581647,0,581578,0,false
202406192200,"vMSC3/Local Zone:LABEL=0, STATICAREAX=0",87.465,79.538,0,1542,1763,0,286342,360008,0,0,0,0,265,2,57,6,344410,344420,344416,16,361437,361207,0,361920,17,21,16,0,109487,824,0,0,0,0,361030,5,816,882,0,0,51,1685,288027,286342,73893,0,6,995,1065,7,361024,99,360738,360804,0,353607,0,0,9627,0,0,51,0,0,0,0,0,2841,0,52,11,2733,1065,360855,361024,310407,359958,286,1116,0,41758,1912,0,0,0,0,0,0,0,0,149,360008,0,0,362144,0,361920,0,false
202406192200,"vMSC2/Local Zone:LABEL=0, STATICAREAX=0",84.376,80.601,0,1847,2189,0,243363,301936,0,0,0,0,371,126,218,4,280442,280549,280468,111,303063,301950,0,304333,75,51,61,10,77059,2228,0,0,0,0,302465,18,2372,2508,0,0,55,2034,245397,243363,58936,0,26,2743,2890,4,302171,169,301127,301388,0,279112,0,0,19694,0,0,55,0,0,0,0,0,10531,0,184,15,10203,2890,301443,302171,190837,297629,1044,2945,0,93568,2397,0,0,0,0,0,0,0,0,208,301936,0,0,304499,0,304333,0,false
202406192300,"MSOFTX/Local Zone:LABEL=0, STATICAREAX=0",81.895,78.886,0,5844,7136,0,531234,673420,0,0,3,0,632,293,445,4,623588,623738,623615,263,678734,676834,0,681010,194,126,91,10,172602,4088,0,0,0,0,677577,40,4303,4539,0,0,116,6247,537481,531234,143529,0,51,5031,5280,0,677244,256,675081,675614,0,630113,0,0,33773,0,0,116,0,0,0,0,0,21183,0,356,29,20550,5280,675730,677244,507629,670248,2163,5396,0,139214,7590,0,0,0,0,0,0,0,0,454,673420,0,0,681450,0,681010,0,false
202406192300,"NEW_MSC1/Local Zone:LABEL=0, STATICAREAX=0",86.058,80.545,0,4617,5365,0,540393,670919,0,0,0,0,467,132,638,1,815828,815884,815858,35,847073,846560,0,847718,92,771,32,2,287149,2931,0,0,0,0,846138,18,1225,2748,0,0,30,4794,686915,540393,160803,0,22,1554,3296,0,846472,190,844332,844392,0,833926,0,0,29645,0,0,30,0,0,0,0,0,5603,0,88,27,5214,3296,844422,846472,0,0,2140,3326,0,141584,5570,0,0,0,0,0,0,0,0,205,670919,0,0,847902,0,847718,0,false
202406192300,"NEW_MSC3/Local Zone:LABEL=0, STATICAREAX=0",83.902,77.928,0,2116,2522,0,450944,578665,0,0,4,0,468,7,120,16,551365,551397,551373,22,580713,580104,0,581446,32,78,35,1,175247,1573,0,0,0,0,580039,12,1627,1733,0,0,100,2359,453303,450944,128143,0,14,1919,2029,0,579819,179,579234,579317,0,567629,0,0,15263,0,0,100,0,0,0,0,0,4642,0,87,18,4448,2029,579417,579819,505801,578763,585,2129,0,60177,2781,0,0,0,0,0,0,0,0,259,578665,0,0,581561,0,581446,0,false
202406192300,"vMSC3/Local Zone:LABEL=0, STATICAREAX=0",86.833,78.047,0,1530,1762,0,280974,360004,0,0,0,0,260,2,61,5,344409,344419,344415,16,361429,361196,0,361909,15,21,14,0,109483,826,0,0,0,0,361027,5,812,876,0,0,50,1668,282642,280974,79267,0,6,993,1060,1,361018,92,360738,360799,0,353597,0,0,10654,0,0,50,0,0,0,0,0,2843,0,51,10,2739,1060,360849,361018,310410,359920,280,1110,0,40720,1905,0,0,0,0,0,0,0,0,143,360004,0,0,361944,0,361909,0,false
202406192300,"vMSC2/Local Zone:LABEL=0, STATICAREAX=0",83.052,78.959,0,1823,2195,0,238322,301830,0,0,0,0,381,131,212,4,280331,280448,280358,111,303002,301883,0,304221,82,50,59,11,77122,2233,0,0,0,0,302394,18,2361,2494,0,0,51,2005,240327,238322,63894,0,26,2753,2896,1,302096,180,301044,301274,0,279019,0,0,22017,0,0,51,0,0,0,0,0,10560,0,189,15,10227,2896,301325,302096,190878,297474,1052,2947,0,91106,2391,0,0,0,0,0,0,0,0,196,301830,0,0,304336,0,304221,0,false
